Count,Name
1,Assert Perfection
1,Attercop
1,"Beorn, Reluctant Host"
1,Bilbo's Deadly Slice
1,Blight Rot
1,Blighted Blackthorn
1,Bogslither's Embrace
1,Boughside Wanderers
1,Champions of the Perfect
1,Changeling Wayfinder
1,Creakwood Safewright
1,Crude Bent Blade
1,Cryptic Caves
1,Darkness Descends
1,Dawn-Blessed Pennant
1,Dawn's Light Archer
1,Dawnhand Eulogist
1,Down in the Valley
1,Eaten Alive
1,Elven Passage
1,Evolving Wilds
1,Firdoch Core
16,Forest
1,"Galion, Elvenking's Butler"
1,Gatekeeper of Malakir
1,Giant's Boulder
1,Gigantic Big Bear
1,Gilt-Leaf's Embrace
1,Gnashing of Teeth
1,Graveshifter
1,Great Forest Druid
1,Guardian of the Halls
1,Head of the Hunt
1,Hero's Downfall
1,Hobbit Hole
1,Iron-Shield Elf
1,Lys Alana Dignitary
1,Macabre Waltz
1,Massacre Wurm
1,Mirkwood Pathmaker
1,Moonglove Extractor
1,Morcant's Loyalist
1,Nameless Inversion
1,Old Fat Spider
1,Overgrown Tomb
1,Quarrel
1,Ravening Warg
1,Reverent Howl
1,Safewright Cavalry
1,Scarblade Scout
1,Selfless Safewright
1,Shimmerwilds Growth
1,Springleaf Drum
1,Stalactite Dagger
1,"Sting, Bilbo's Sword"
1,Stir Up Trouble
1,Stoic Grove-Guide
17,Swamp
1,Tend the Sprigs
1,The Chief Warg
1,Thrór's Map
1,"Tom, Bert, and William"
1,Troll Negotiations
1,Troop of Ponies
1,"Trystan, Callous Cultivator"
1,Vinebred Brawler
1,Warg Tactics
1,Wood Elves
1,High Perfect Morcant
